id,name,area,cats,hours,source,checked,note_hint
p141,Alice Ice Cream & Coffee,Amager,bakery cafe dessert,,,,Croissants and kouign-amann sell out by noon
p122,Andersen & Maillard,Nørrebro,cafe bakery,,,,
p36,Annettes Bagel Point,Frederiksberg,bakery,,,,
p143,Apotek 57,Indre By,bakery cafe shop,Mo-Fr 08:00-16:00; Sa-Su 09:00-16:00,framacph.com,2026-09,"Daily 8–16, weekends from 9"
p27,Atelier September,Frederiksberg,cafe,,,,
p139,Bageriet Benji,Nørrebro,bakery,,,,
p125,Café Arrebo,Nørrebro,cafe,,,,
p28,Café Hjørnet,Frederiksberg,cafe,,,,
p103,Cafe Væksthuset,Frederiksberg,cafe,,,,
p133,Cakenhagen,Indre By,bakery dessert,,,,
p70,Coco Hotel,Vesterbro,cafe,,,,
p69,Coffee Collective Jægersborggade,Nørrebro,cafe,,,,
p87,Coffee First,Vesterbro,cafe,,,,
p134,Conditori La Glace,Indre By,bakery dessert,,,,
p82,Dal Forno,Frederiksberg,bakery,,,,
p120,Darcy's Kaffe,Nørrebro,cafe,,,,
p55,Emmerys,Frederiksberg,bakery,,,,
p132,Flere Fugle,Nordvest,bakery cafe,,,,
p78,Flindt & Ørsted,Indre By,cafe,,,,
p50,Funders,Indre By,bakery,,,,
p119,Harbo Bar,Nørrebro,bar cafe,,,,
p75,Hart Bageri,Nørrebro,bakery,,,,
p126,Heimdalsgade 22,Nørrebro,cafe,,,,
p30,Ipsen & Co,Frederiksberg,cafe,,,,
p135,Jumbo Bakery & Eatery,Out of town,bakery,,,,
p127,Juno the Bakery,Østerbro,bakery,,,,Famous for the cardamom buns — expect a queue
p118,KALA Bar,Nørrebro,cafe,,,,
p144,Kani,Frederiksberg,bakery cafe,Tu-Su 07:30-17:00; Mo off,kanibakery.com,2026-09,Closed Mondays
p11,Kong Hans Bakery,Indre By,bakery,,,,
p145,Københavns Bageri,Vesterbro,bakery,Mo-Fr 07:00-18:00; Sa-Su 08:00-18:00,carlsbergbyen.dk,2026-09,"Danish classics in a glass-walled open kitchen, by two ex-Noma bakers"
p54,Le Mont Blanc,Frederiksberg,cafe,,,,
p108,Lille Bakery,Refshaleøen,bakery cafe,,,,Arrive early — queues and things sell out
p8,Litteraturhaus Cafe,Nørrebro,cafe,,,,
p99,Original Coffee,Frederiksberg,cafe,,,,
p98,Reinh Van Hauen,Frederiksberg,bakery,,,,
p66,Riccos Kaffebar,Nørrebro,cafe,,,,
p142,Riviera,Indre By,bakery cafe,,,,
p140,Rug,Vesterbro,bakery cafe,"Mo-Su 07:00-16:00,17:30-22:00",rugbakery.com,2026-09,
p123,Sidecar,Nørrebro,cafe restaurant,,,,
p131,Skt. Peders Bageri,Indre By,bakery,,,,
p137,Tír Bakery,Out of town,bakery,,,,
p136,Vesterports Bageri,Out of town,bakery,,,,
p51,12oz Vintage,Indre By,shop,,,,
p23,Acem Meditation,Frederiksberg,other,,,,
p129,Acem Meditation Center,Frederiksberg,spirit,,,,
p72,Airtrix Trampolinpark,Nordhavn,other,,,,
p42,Alice,Nørrebro,jazz,,,,
p7,ark books,Nørrebro,books,,,,
p13,Assistens Kirkegård,Nørrebro,sight,,,,
p101,Aveny-T,Frederiksberg,stage,,,,
p10,Berlin Bar,Frederiksberg,bar,,,,
p22,Betty Nansen Teatret,Frederiksberg,stage,,,,
p31,Beviamo,Østerbro,wine,,,,
p39,bird : downtown,Indre By,jazz,,,,
p63,bird : uptown,Frederiksberg,jazz,,,,
p61,Bocca Alimentari,Indre By,restaurant,,,,
p38,Bodega Danza,Vesterbro,bar,,,,
p1,Bootleggers Craft Beer Bar,Frederiksberg,bar,,,,
p124,BRUS,Nørrebro,bar,,,,
p130,Buddhistisk Center København,Østerbro,spirit,,,,Diamond Way Buddhist center (Karma Kagyu) — lectures and open meditations
p114,Charlie's Bar,Indre By,bar,,,,Open till 1 AM
p62,Chávez Mexican Kitchen,Frederiksberg,restaurant,,,,
p112,Christiania Jazz Club,Christiania,jazz,,,,"Cosy live music venue with jazz nights, open till 2 AM"
p77,Cinemateket,Indre By,stage,,,,
p89,Club 34,Vesterbro,bar,,,,
p15,Cold Hawaii,Out of town,trip,,,,
p44,Copenhagen Contemporary,Refshaleøen,museum,,,,
p18,Cork Vinbar,Frederiksberg,wine,,,,
p86,Curfew,Vesterbro,bar,,,,
p48,Danish Architecture Center,Indre By,museum,,,,
p2,Den Anden Side,Indre By,club,,,,
p43,Den Vandrette,Indre By,wine,,,,
p105,Department of Economics (KU),Indre By,other,,,,
p35,Det Lille Øresund,Vesterbro,bar,,,,
p45,Det Ny Teater,Vesterbro,stage,,,,
p100,Dosa Bar,Frederiksberg,restaurant,,,,
p19,Dropped pin (Frederiksberg),Frederiksberg,other,,,,
p104,Dropped pin (South Africa?),Out of town,other,,,,
p25,Dyssebroen,Christiania,sight,,,,
p90,Döner Corner,Vesterbro,street,,,,
p59,DØP Amagertorv,Indre By,street,,,,
p57,DØP Købmagergade,Indre By,street,,,,
p9,Edison-scenen,Frederiksberg,stage,,,,
p84,Falernum,Frederiksberg,wine,,,,
p71,Falkonersalen,Frederiksberg,jazz,,,,
p5,FAMO CARNE,Vesterbro,restaurant,,,,
p96,Frederik VI,Frederiksberg,bar,,,,
p106,Frederiksberg Chokolade,Frederiksberg,dessert shop,,,,
p47,Gaia Cocktails,Indre By,bar,,,,
p24,Gallerie Lorien,Frederiksberg,museum,,,,
p80,Gasoline Grill,Vesterbro,street,,,,
p58,Green Island CPH,Vesterbro,sight,,,,
p4,Hangaren,Refshaleøen,club,,,,
p83,Helge's Ost,Frederiksberg,shop,,,,
p110,Hvide Lam (White Lamb),Indre By,bar jazz,,,,"Cheap, open late (1 AM)"
p94,Iki Sushi,Frederiksberg,restaurant,,,,
p56,Isoteket Stefansgade,Nørrebro,dessert,,,,
p46,Isoteket Vesterbro,Vesterbro,dessert,,,,
p16,Issehoved,Out of town,trip,,,,
p26,Jazz Cup,Indre By,jazz,,,,
p111,Jazzhus Montmartre,Indre By,jazz,,,,Opens 6 pm; book ahead
p60,Kcal Frederiksberg,Frederiksberg,restaurant,,,,
p14,Kølsters Tolv Haner,Nørrebro,bar,,,,
p107,La Banchina,Refshaleøen,restaurant wine,,,,Gets busy; go early for a sunny pier spot
p81,La Fiesta Mexicana,Frederiksberg,restaurant,,,,
p41,La Fontaine,Indre By,jazz,,,,"Copenhagen's oldest jazz bar, late jam sessions"
p33,La Fromagerie,Østerbro,shop,,,,
p138,Lago,Nørrebro,wine restaurant,,,,"Natural wine bar & restaurant by the lakes — Tue–Sat from 4 PM, walk-ins"
p65,Loca's Loco,Frederiksberg,restaurant,,,,
p102,Louisiana Museum of Modern Art,Out of town,trip museum,,,,
p29,Melee,Frederiksberg,restaurant,,,,
p113,Mojo,Indre By,bar jazz,,,,"Live blues & jazz every night, open till 5 AM"
p76,Mucki Bar,Nørrebro,bar,,,,
p49,Museum of Copenhagen,Indre By,museum,,,,
p17,Møns Klint,Out of town,trip,,,,
p53,Nordisk Film Cinemas Falconer,Frederiksberg,stage,,,,
p67,OAKBERRY Açaí,Frederiksberg,dessert,,,,
p121,Omar,Nørrebro,restaurant wine,,,,
p116,Operaparken,Christianshavn,sight,,,,Open till 11 PM
p79,Osteria 16,Vesterbro,restaurant,,,,
p85,Otto,Frederiksberg,wine,,,,
p37,Paloma Vermuteria,Nørrebro,wine,,,,
p95,Pizzicato,Frederiksberg,restaurant,,,,
p88,Planetarium,Vesterbro,museum,,,,
p117,Pompette,Nørrebro,wine,,,,
p3,Poolen,Refshaleøen,jazz,,,,
p92,Restaurant Polly,Frederiksberg,restaurant,,,,
p34,Riesen Bar,Vesterbro,bar,,,,
p32,ROOTS Vin Bar & Butik,Østerbro,wine,,,,
p64,Scarpetta,Nørrebro,restaurant,,,,
p128,Slurp Ramen Joint,Indre By,restaurant,,,,"Copenhagen's ramen spot on Nansensgade — go early, queues"
p93,Sound Station,Frederiksberg,shop,,,,
p115,Spidsroden,Nørrebro,grocery wine,,,,Closes 7 PM
p74,Stefans Kiosk,Nørrebro,other,,,,
p6,SUPeR bookstore,Nørrebro,books,,,,
p109,Søhesten,Indre By,bar jazz,,,,Live jazz Wednesdays and Thursdays — arrive early for seats
p20,Søpavillonen,Indre By,club,,,,
p40,The Barking Dog,Nørrebro,bar,,,,
p21,Toldboden,Østerbro,restaurant,,,,
p73,Unnamed pin (The Lakes),Indre By,other,,,,
p52,Unnamed pin (Vesterbro),Vesterbro,other,,,,
p12,Veranda,Nørrebro,wine,,,,
p91,Vesterbro's Original Burger,Vesterbro,street,,,,
p68,Væskebalancen Blågårdsgade,Nørrebro,bar,,,,
p97,Wedo Frederiksberg,Frederiksberg,restaurant,,,,
